respondent_id,most_likely_state,posterior_c1_s1,posterior_c1_s2,posterior_c2_s1,posterior_c2_s2,posterior_c3_s1,posterior_c3_s2
PO0001_R1,2,3.861181806538882e-23,5.172793249663845e-88,0.7106988481438127,0.01481592904285641,0.27423520352398384,0.0002500192893474155
PO0001_R2,3,9.365060445267184e-11,1.8502955198625996e-38,0.29317156828169616,0.5087269994643207,0.16367100747907962,0.0344304246812527
PO0001_R3,4,2.586880934212885e-11,1.970143678803834e-45,0.19550147704378867,1.489626929001586e-06,0.8043127898403575,0.00018424346305569842
PO0001_R4,3,9.86417288011747e-07,1.635277194215376e-20,0.0576973683808233,0.7443339612719162,0.04339959265620381,0.15456809127376842
PO0002_R1,5,1.217069123292436e-115,0.0,0.027400881185153582,0.11658263487001941,0.017756752033263115,0.838259731911564
PO0002_R2,3,1.2680470286151779e-46,2.4906121225673866e-172,0.2587618760020202,0.7325481705606524,0.008615212247568926,7.474118975844672e-05
PO0002_R3,3,1.169992782452982e-70,1.6969697578749073e-257,0.011192415764332142,0.8911071221816591,0.0023689318155932235,0.09533153023841572
PO0002_R4,3,1.169992782452982e-70,1.6969697578749073e-257,0.011192415764332142,0.8911071221816591,0.0023689318155932235,0.09533153023841572
PO0003_R1,3,0.0033752565620691535,0.005924850266955176,0.06424973071368033,0.7871937363483894,0.017106230195002466,0.12215019591390354
PO0003_R2,3,0.0033752565620691535,0.005924850266955176,0.06424973071368033,0.7871937363483894,0.017106230195002466,0.12215019591390354
PO0003_R3,3,0.0033752565620691535,0.005924850266955176,0.06424973071368033,0.7871937363483894,0.017106230195002466,0.12215019591390354
PO0003_R4,3,0.0033752565620691535,0.005924850266955176,0.06424973071368033,0.7871937363483894,0.017106230195002466,0.12215019591390354
PO0004_R1,4,2.4944267082506906e-34,1.2575003237007666e-127,0.06638049128109835,0.07790797488233994,0.5050356854839623,0.3506758483525991
PO0004_R2,5,9.956310843219983e-25,4.1712037628298677e-88,0.009368515622348722,0.12900957094170745,0.07721152825179942,0.7844103851841443
PO0004_R3,4,1.4449170175015326e-53,6.768276862077593e-202,0.11916720305255735,0.0012480923550261408,0.8503513010646733,0.02923340352774522
PO0004_R4,5,9.956310843219983e-25,4.1712037628298677e-88,0.009368515622348722,0.12900957094170745,0.07721152825179942,0.7844103851841443
PO0005_R1,4,1.019621101637805e-187,0.0,0.058937236728863786,0.06690605597669017,0.5523615622747049,0.3217951450197406
PO0005_R2,4,1.019621101637805e-187,0.0,0.058937236728863786,0.06690605597669017,0.5523615622747055,0.3217951450197406
PO0005_R3,4,1.019621101637805e-187,0.0,0.058937236728863786,0.06690605597669017,0.5523615622747049,0.3217951450197406
PO0005_R4,5,5.831193988422107e-167,0.0,0.0036993718471924047,0.2807716243983074,0.028962468257050726,0.6865665354974495
PO0006_R1,4,3.945112367699324e-27,6.562145318087412e-105,0.08815603555144662,1.5999041189202556e-08,0.9117766195822861,6.732886722574668e-05
PO0006_R2,2,4.548272982329232e-46,3.352766212557623e-176,0.7276660486100766,3.754962288040925e-05,0.27229580196752773,5.997995154568119e-07
PO0006_R3,2,3.438469888555928e-20,4.893679739825318e-74,0.3823096344876821,0.23681258649256004,0.3108598309673021,0.07001794805245562
PO0006_R4,3,0.008231698345515468,0.042408317354605575,0.008379334374397487,0.5256078841553905,0.00879894440525765,0.4065738213648333
PO0007_R1,3,8.659903911655203e-32,4.256358319897543e-112,0.0029070984610222493,0.7318874483332649,0.0016633867126213079,0.26354206649309175
PO0007_R2,3,8.659903911655203e-32,4.256358319897543e-112,0.0029070984610222493,0.7318874483332649,0.0016633867126213079,0.26354206649309175
PO0007_R3,3,8.659903911655203e-32,4.256358319897543e-112,0.0029070984610222493,0.7318874483332649,0.0016633867126213079,0.26354206649309175
PO0007_R4,3,8.659903911655203e-32,4.256358319897543e-112,0.0029070984610222493,0.7318874483332649,0.0016633867126213079,0.26354206649309175
PO0008_R1,3,0.005206561781283858,0.032964207296762894,0.00955902531040096,0.6257313302334343,0.0073825527223477854,0.3191563226557701
PO0008_R2,3,0.005206561781283858,0.032964207296762894,0.00955902531040096,0.6257313302334343,0.0073825527223477854,0.3191563226557701
PO0008_R3,3,0.005206561781283858,0.032964207296762894,0.00955902531040096,0.6257313302334343,0.0073825527223477854,0.3191563226557701
PO0008_R4,3,0.005206561781283858,0.032964207296762894,0.00955902531040096,0.6257313302334343,0.0073825527223477854,0.3191563226557701
PO0009_R1,4,1.025286377963923e-188,0.0,0.21270041005849916,7.232308965845116e-12,0.7872995764177645,1.3516504606203056e-08
PO0009_R2,2,3.864502152748326e-24,2.4473241543840627e-93,0.9843392422756332,0.0010583041437575566,0.01460245166546954,1.915139250240866e-09
PO0009_R3,2,4.757163239709495e-157,0.0,0.9700150448636251,2.9161002924665327e-15,0.029984955136370547,8.343920410406292e-20
PO0009_R4,2,7.091677360445689e-67,4.7900522434856256e-256,0.9636101068057918,9.701792092474208e-06,0.03638019081331671,5.887990103080341e-10
PO0010_R1,2,8.046477454366435e-82,4.0617e-320,0.9999999999101661,8.983254677747962e-11,2.8789044742888347e-65,1.0680337131714935e-255
PO0010_R2,5,5.374738576654454e-156,0.0,3.8791858681053746e-08,1.8269574632109058e-25,0.48237063392992163,0.5176293272782195
PO0010_R3,2,1.2691777167434205e-60,3.6725703297449894e-234,0.9998426006882181,0.00015739931178263935,3.56396957815844e-136,0.0
PO0010_R4,2,2.5197648404792714e-69,4.881176397349507e-268,0.9999889254357353,1.1074564264242853e-05,2.843635525873422e-136,0.0
PO0011_R1,4,4.8099505194768e-21,6.830724296402023e-80,0.4893179180779435,0.0023007797869490296,0.5081639197401797,0.00021738239492738776
PO0011_R2,3,0.08409291828458534,0.020258239058844413,0.08209372109463868,0.36214750642261906,0.1518127337609022,0.2995948813784102
PO0011_R3,3,0.08409291828458534,0.020258239058844413,0.08209372109463868,0.36214750642261906,0.1518127337609022,0.2995948813784102
PO0011_R4,3,0.08409291828458534,0.020258239058844413,0.08209372109463868,0.36214750642261906,0.1518127337609022,0.2995948813784102
PO0012_R1,3,0.006693410991527453,0.010216639032561281,0.038541269723661245,0.8340502711307827,0.024941293188991295,0.08555711593247613
PO0012_R2,3,0.006693410991527453,0.010216639032561281,0.038541269723661245,0.8340502711307827,0.024941293188991295,0.08555711593247613
PO0012_R3,3,0.006693410991527453,0.010216639032561281,0.038541269723661245,0.8340502711307827,0.024941293188991295,0.08555711593247613
PO0012_R4,3,0.006693410991527453,0.010216639032561281,0.038541269723661245,0.8340502711307827,0.024941293188991295,0.08555711593247613
PO0013_R1,5,1.2087895484161589e-57,2.174201266522978e-212,0.049090167869950775,0.005085706966740115,0.22051707098703358,0.7253070541762756
PO0013_R2,3,0.003692887444050067,6.856209426861032e-06,0.06600370457411726,0.6363258389953474,0.060709383677912204,0.23326132909914613
PO0013_R3,4,4.704560999131634e-80,7.571326913751045e-302,0.28267937038238694,2.382148767062591e-05,0.7169009863015269,0.00039582182841566406
PO0013_R4,4,1.1245034297949213e-61,2.3820183361196373e-230,0.21970261473553726,0.002254306985000005,0.6929815305823871,0.08506154769707558
PO0014_R1,3,0.008520414840703554,0.17044424411255124,0.00208330362047064,0.5661581629342471,0.0012821823008437,0.25151169219118374
PO0014_R2,3,0.008520414840703554,0.17044424411255124,0.00208330362047064,0.5661581629342471,0.0012821823008437,0.25151169219118374
PO0014_R3,3,0.008520414840703554,0.17044424411255124,0.00208330362047064,0.5661581629342471,0.0012821823008437,0.25151169219118374
PO0014_R4,3,0.008520414840703554,0.17044424411255124,0.00208330362047064,0.5661581629342471,0.0012821823008437,0.25151169219118374
PO0015_R1,5,9.097999869104202e-49,1.2629749006490035e-178,0.021189810955783997,0.015562065745567013,0.04918109363020031,0.9140670296684489
PO0015_R2,5,9.097999869104202e-49,1.2629749006490035e-178,0.021189810955783997,0.015562065745567013,0.04918109363020031,0.9140670296684489
PO0015_R3,5,9.097999869104202e-49,1.2629749006490035e-178,0.021189810955783997,0.015562065745567013,0.04918109363020031,0.9140670296684489
PO0015_R4,4,7.522930797735652e-236,0.0,0.009187448704910613,3.5283329280694903e-13,0.9907740513612142,3.8499933521548236e-05
PO0016_R1,4,6.568780884969169e-155,0.0,0.10376009879819047,1.1171166887956329e-07,0.8960637813867705,0.0001760081033704635
PO0016_R2,4,8.051180429589817e-80,1.329669715319079e-298,0.14972842082986723,0.013692477066849564,0.4451914403126295,0.3913876617906536
PO0016_R3,4,6.568780884969169e-155,0.0,0.10376009879819047,1.1171166887956329e-07,0.8960637813867705,0.0001760081033704635
PO0016_R4,4,6.568780884969169e-155,0.0,0.10376009879819047,1.1171166887956329e-07,0.8960637813867705,0.0001760081033704635
PO0017_R1,4,6.331567288624964e-171,0.0,0.07002937235151477,1.7027174132264634e-11,0.9299706158416944,1.1789764170276581e-08
PO0017_R2,5,1.1625840837798622e-31,4.197782783348589e-115,0.048885687108312884,0.16336737592507386,0.1629159488289503,0.6248309881376627
PO0017_R3,2,1.4795992170727025e-97,0.0,0.9977723629540001,4.4965001438645e-17,0.0022276370459995342,1.9957618491750837e-28
PO0017_R4,4,4.392941880420747e-47,1.718781613068869e-178,0.38934933291053025,0.0016193156603416517,0.6086718132857436,0.00035953814338448437
PO0018_R1,3,0.005232010101558604,0.024129464709195927,0.02102923889655084,0.782297805656498,0.0075460390062576455,0.15976544162993894
PO0018_R2,3,0.005232010101558604,0.024129464709195927,0.02102923889655084,0.782297805656498,0.0075460390062576455,0.15976544162993894
PO0018_R3,3,0.005232010101558604,0.024129464709195927,0.02102923889655084,0.782297805656498,0.0075460390062576455,0.15976544162993894
PO0018_R4,3,0.005232010101558604,0.024129464709195927,0.02102923889655084,0.782297805656498,0.0075460390062576455,0.15976544162993894
PO0019_R1,5,9.272297873714633e-109,0.0,0.002431056916955344,0.032835582647446876,0.004810768645545744,0.9599225917900521
PO0019_R2,5,9.272297873714633e-109,0.0,0.002431056916955344,0.032835582647446876,0.004810768645545744,0.9599225917900521
PO0019_R3,5,9.272297873714633e-109,0.0,0.002431056916955344,0.032835582647446876,0.004810768645545744,0.9599225917900521
PO0019_R4,5,9.272297873714633e-109,0.0,0.002431056916955344,0.032835582647446876,0.004810768645545744,0.9599225917900521
PO0020_R1,3,0.0028304141030048536,0.012075041061748969,0.020157196025402262,0.7609874533266079,0.010463634266583257,0.19348626121665255
PO0020_R2,3,0.0028304141030048536,0.012075041061748969,0.020157196025402262,0.7609874533266079,0.010463634266583257,0.19348626121665255
PO0020_R3,1,0.20739977061598167,0.5039021878210391,0.2492525292787459,0.03944551228423366,6.926926079374225e-45,1.9234623504214288e-165
PO0020_R4,3,0.0028304141030048536,0.012075041061748969,0.020157196025402262,0.7609874533266079,0.010463634266583257,0.19348626121665255
PO0021_R1,3,0.015516445507387568,0.11605250942295213,0.003052885746763145,0.5701408685831046,0.002642995971547168,0.29259429476824556
PO0021_R2,3,0.015516445507387568,0.11605250942295213,0.003052885746763145,0.5701408685831046,0.002642995971547168,0.29259429476824556
PO0021_R3,3,0.015516445507387568,0.11605250942295213,0.003052885746763145,0.5701408685831046,0.002642995971547168,0.29259429476824556
PO0021_R4,3,0.015516445507387568,0.11605250942295213,0.003052885746763145,0.5701408685831046,0.002642995971547168,0.29259429476824556
PO0022_R1,3,0.005662157660081859,0.02599706406758958,0.022716551013708227,0.7799345665411369,0.007430755027173311,0.15825890569031012
PO0022_R2,3,0.005662157660081859,0.02599706406758958,0.022716551013708227,0.7799345665411369,0.007430755027173311,0.15825890569031012
PO0022_R3,3,0.005662157660081859,0.02599706406758958,0.022716551013708227,0.7799345665411369,0.007430755027173311,0.15825890569031012
PO0022_R4,3,1.347331441345257e-13,1.734559515707226e-45,0.15572784046896798,0.6436325868615805,0.05266040398275674,0.14797916868655997
PO0023_R1,2,2.3361986089448397e-98,0.0,0.5460247634848556,0.04063217089446282,0.39118936273595656,0.02215370288472516
PO0023_R2,3,0.034696903398048436,0.312932934325225,0.01363511560551203,0.6383332229091015,0.00039972515764173975,2.0986044713094185e-06
PO0023_R3,3,2.0223998783447938e-63,8.927379267600966e-230,0.004906267181123279,0.7184721501034786,0.0031944960841585593,0.2734270866312397
PO0023_R4,3,2.0223998783447938e-63,8.927379267600966e-230,0.004906267181123279,0.7184721501034786,0.0031944960841585593,0.2734270866312397
PO0024_R1,1,0.10058242983994062,0.8990907346303336,0.00032683137623724413,4.1534883321286224e-09,1.1067525435894538e-44,2.6306884457136525e-161
PO0024_R2,1,0.10058242983994062,0.8990907346303336,0.00032683137623724413,4.1534883321286224e-09,1.1067525435894538e-44,2.6306884457136525e-161
PO0024_R3,3,6.616890513634929e-46,1.0352179243945303e-163,0.007108104862514789,0.7079229753567933,0.005599814011200941,0.2793691057694911
PO0024_R4,3,6.616890513634929e-46,1.0352179243945303e-163,0.007108104862514789,0.7079229753567933,0.005599814011200941,0.2793691057694911
PO0025_R1,2,4.0899970786651706e-151,0.0,0.7938399571448022,0.004221162687157243,0.20193827095328667,6.092147540190882e-07
PO0025_R2,3,1.443943481545455e-127,0.0,0.13201558693989998,0.8212317296138935,0.04635440750324341,0.00039827594296324743
PO0025_R3,5,2.0817295205510218e-269,0.0,0.00339077798855415,3.677132345716077e-06,0.2349026298565201,0.76170291502258
PO0025_R4,5,1.0384280799637103e-276,0.0,0.0014898427951703928,1.5875312467292182e-06,0.13348347004524178,0.8650250996283408
PO0026_R1,4,1.7191456235384925e-65,3.4024772437182604e-247,0.299297782251672,1.8943740736987434e-06,0.7006796542632465,2.0669111007540143e-05
PO0026_R2,4,4.2379232256177236e-31,7.433587334555687e-115,0.34856001324691355,0.003459021414857366,0.6334209443827724,0.014560020955456943
PO0026_R3,4,6.256480151085792e-36,3.2702814385170753e-134,0.38564282347421214,0.0003260106744719315,0.6132006511931527,0.0008305146581633423
PO0026_R4,4,4.2379232256177236e-31,7.433587334555687e-115,0.34856001324691355,0.003459021414857366,0.6334209443827724,0.014560020955456943
PO0027_R1,1,0.12024805323204737,0.8463980557912925,0.008752759107910494,6.021294380848395e-06,0.024471643592951654,0.00012346698141706098
PO0027_R2,3,2.2456588063430203e-28,1.227988101895716e-97,0.02243435095674711,0.9748143664549465,0.0026208860479311276,0.0001303965403752006
PO0027_R3,1,0.06453979604727168,0.9349955581570407,6.075271959551629e-05,5.273158042414276e-13,0.0004038927946829504,2.8088197225951137e-10
PO0027_R4,3,2.2456588063430203e-28,1.227988101895716e-97,0.02243435095674711,0.9748143664549465,0.0026208860479311276,0.0001303965403752006
PO0028_R1,4,2.239009255092655e-39,1.6885572572061947e-148,0.25897320599869855,0.007230189146185623,0.6816894849923099,0.05210711986280571
PO0028_R2,5,0.004990752123968917,1.5737853190591086e-06,0.03028874361937769,0.43742163610011237,0.04830559309753962,0.4789917012736822
PO0028_R3,5,0.004990752123968917,1.5737853190591086e-06,0.03028874361937769,0.43742163610011237,0.04830559309753962,0.4789917012736822
PO0028_R4,4,1.3574146254141574e-44,3.2490115620804117e-170,0.415544711210176,0.0003426725359331744,0.5838795681753663,0.00023304807852448978
PO0029_R1,3,0.010774944725085368,0.1715404626681639,0.002558716361903346,0.5743609288030286,0.0018764586068669247,0.23888848883495198
PO0029_R2,3,0.010774944725085368,0.1715404626681639,0.002558716361903346,0.5743609288030286,0.0018764586068669247,0.23888848883495198
PO0029_R3,3,0.010774944725085368,0.1715404626681639,0.002558716361903346,0.5743609288030286,0.0018764586068669247,0.23888848883495198
PO0029_R4,3,0.010774944725085368,0.1715404626681639,0.002558716361903346,0.5743609288030286,0.0018764586068669247,0.23888848883495198
PO0030_R1,5,7.848769896859796e-298,0.0,0.019849169443594033,0.10015172403734912,0.18917611439929752,0.6908229921197594
PO0030_R2,5,7.848769896859796e-298,0.0,0.019849169443594033,0.10015172403734912,0.18917611439929752,0.6908229921197594
PO0030_R3,2,8.08644539329132e-287,0.0,0.9990509083669155,0.0009490916330849569,3.247766891207138e-87,1.0411375594639479e-304
PO0030_R4,5,7.848769896859796e-298,0.0,0.019849169443594033,0.10015172403734912,0.18917611439929752,0.6908229921197594
PO0031_R1,2,1.9761684075773876e-132,0.0,0.9999980839697631,1.916030237282674e-06,1.2810001634949414e-114,1.2816914529903366e-302
PO0031_R2,2,2.6102741248812187e-107,0.0,0.9989975444917072,0.001002455508292896,1.9541434973109207e-114,3.294306709051568e-299
PO0031_R3,2,1.9761684075773876e-132,0.0,0.9999980839697631,1.916030237282674e-06,1.2810001634949414e-114,1.2816914529903366e-302
PO0031_R4,2,2.6102741248812187e-107,0.0,0.9989975444917072,0.001002455508292896,1.9541434973109207e-114,3.294306709051568e-299
PO0032_R1,3,0.01581282393422139,0.06779502289048218,0.006108701541324263,0.9100882876958779,0.00016759577103139057,2.7568167062942504e-05
PO0032_R2,3,0.01581282393422139,0.06779502289048218,0.006108701541324263,0.9100882876958779,0.00016759577103139057,2.7568167062942504e-05
PO0032_R3,3,0.01581282393422139,0.06779502289048218,0.006108701541324263,0.9100882876958779,0.00016759577103139057,2.7568167062942504e-05
PO0032_R4,3,0.01581282393422139,0.06779502289048218,0.006108701541324263,0.9100882876958779,0.00016759577103139057,2.7568167062942504e-05
PO0033_R1,5,0.037037582961152525,0.027790893554196526,0.02694277048487571,0.24620359757217444,0.11595962107848352,0.5460655343491173
PO0033_R2,5,0.037037582961152525,0.027790893554196526,0.02694277048487571,0.24620359757217444,0.11595962107848352,0.5460655343491173
PO0033_R3,4,7.2373536639764176e-40,2.0904518091176757e-148,0.1136387717246518,0.0026242273366292755,0.8393752897008776,0.04436171123784171
PO0033_R4,5,0.037037582961152525,0.027790893554196526,0.02694277048487571,0.24620359757217444,0.11595962107848352,0.5460655343491173
PO0034_R1,4,4.264679157657436e-35,2.214567565304453e-133,0.3012625177966569,2.8320254236238483e-05,0.6986961747484361,1.2987200670712575e-05
PO0034_R2,2,3.946158876289718e-12,6.465283482429398e-45,0.8344379808411346,0.16556201915491914,2.5162510329692454e-56,5.336399802048771e-212
PO0034_R3,4,4.264679157657436e-35,2.214567565304453e-133,0.3012625177966569,2.8320254236238483e-05,0.6986961747484361,1.2987200670712575e-05
PO0034_R4,2,6.989821764251975e-80,2.0017390147998846e-301,0.9941298719484485,0.005870128051551695,3.215981579547055e-55,1.4192450688204846e-209
PO0035_R1,3,2.857611204277286e-13,2.4476891756820484e-42,0.03138262348241781,0.9686173765126944,4.601944703771946e-12,1.6182102023748727e-38
PO0035_R2,3,4.26441951385287e-32,6.265266433734561e-112,0.012805772023712228,0.5298232193259796,0.01984331537511215,0.4375276932751959
PO0035_R3,3,4.26441951385287e-32,6.265266433734561e-112,0.012805772023712228,0.5298232193259796,0.01984331537511215,0.4375276932751959
PO0035_R4,3,4.26441951385287e-32,6.265266433734561e-112,0.012805772023712228,0.5298232193259796,0.01984331537511215,0.4375276932751959
PO0036_R1,2,0.0,0.0,0.9996279044169623,0.0003720955830376801,2.1167235694826423e-299,1.0771332049581923e-298
PO0036_R2,2,0.0,0.0,0.999668847443865,0.0003311525561345715,6.892307133458466e-300,1.4097416734413392e-300
PO0036_R3,2,5.428543605484471e-114,0.0,0.99999999236727,7.578707972755438e-12,7.625151684878676e-09,6.755713922322339e-42
PO0036_R4,2,0.0,0.0,0.9999944324495901,5.567550410238394e-06,2.5348335835070764e-299,3.170032382520839e-300
PO0037_R1,4,3.3672469376775806e-218,0.0,0.0156508365568233,9.065795437845004e-05,0.6976295395227304,0.2866289659660677
PO0037_R2,5,1.4819460395688606e-175,0.0,0.01291200983411135,0.0079868823581424,0.22615099637738392,0.7529501114303624
PO0037_R3,3,1.2254285380560788e-124,0.0,0.19958949195025436,0.43415619215528534,0.35844591343409093,0.007808402460369589
PO0037_R4,4,3.782649463161113e-199,0.0,0.042473859690688585,0.00020010536208744066,0.9160612232638549,0.041264811683368825
PO0038_R1,5,1.079835586359527e-135,0.0,0.004945145825122929,0.009382384462616971,0.015003391556672905,0.9706690781555871
PO0038_R2,5,5.845919706757051e-189,0.0,0.0010482722278964806,1.4895503274549028e-05,0.01770681171295983,0.9812300205558693
PO0038_R3,5,1.079835586359527e-135,0.0,0.004945145825122929,0.009382384462616971,0.015003391556672905,0.9706690781555871
PO0038_R4,3,2.8882394348226952e-83,8.955939497806212e-302,0.0033779630414141,0.8557404022418232,0.0018408113608876205,0.13904082335587498
PO0039_R1,4,0.16931429944746385,4.6101984955024476e-12,0.05497324466452036,2.0695416308361588e-11,0.7757124476524884,8.210221762922335e-09
PO0039_R2,4,6.382024316157244e-86,1.568494447556664e-300,0.027379800154550948,2.820866874556833e-05,0.7998812844297686,0.17271070674693498
PO0039_R3,2,0.0,0.0,0.9999999997690789,2.3092031845536585e-10,7.494361912863992e-299,4.481481998448559e-305
PO0039_R4,5,0.07442753841107666,0.05081045555264693,0.024318321041119664,0.233571242557601,0.08691467824688852,0.5299577641906672
PO0040_R1,3,0.0072003123338487155,0.0901404360825158,0.01870425185926177,0.6447850995736323,0.009784174316305336,0.229385725834436
PO0040_R2,3,0.0072003123338487155,0.0901404360825158,0.01870425185926177,0.6447850995736323,0.009784174316305336,0.229385725834436
PO0040_R3,3,0.0072003123338487155,0.0901404360825158,0.01870425185926177,0.6447850995736323,0.009784174316305336,0.229385725834436
PO0040_R4,3,0.0072003123338487155,0.0901404360825158,0.01870425185926177,0.6447850995736323,0.009784174316305336,0.229385725834436
PO0041_R1,2,2.0756384356561827e-28,2.342785203521379e-114,0.9999997596684538,2.4033154695297123e-07,1.0738275507063797e-29,5.271784355160591e-117
PO0041_R2,2,4.596390162550239e-29,2.975491274139945e-118,0.7416096125118019,8.57235692512944e-09,0.2583903788673921,4.84437912690948e-11
PO0041_R3,2,6.707707313306382e-19,3.470138210323615e-73,0.6107811406523052,0.009707969941825597,0.37920551236564604,0.0003053770402231592
PO0041_R4,3,0.0029640010336265833,1.6216059362414614e-10,0.17018260666679053,0.5462168164907065,0.1723790601665158,0.10825751548020002
PO0042_R1,2,1.4400998882966557e-51,8.848124601440375e-196,0.9985024815292781,0.0014975184707216582,2.991885715091859e-35,4.1620772805496837e-135
PO0042_R2,2,5.4334153622004375e-49,1.7604459306088704e-186,0.9993886809810624,0.0006113190189376088,2.2347475813709677e-35,5.652667341451135e-136
PO0042_R3,2,1.2609168224738473e-27,5.9345048421007816e-105,0.9909403473313492,0.009059652668651177,1.6948291516180453e-35,3.057234819131962e-135
PO0042_R4,2,1.4400998882966557e-51,8.848124601440375e-196,0.9985024815292781,0.0014975184707216582,2.991885715091859e-35,4.1620772805496837e-135
PO0043_R1,3,1.8041970872024095e-80,1.5373227758177906e-299,0.03148131037492864,0.9684883173354911,3.037228948122074e-05,9.905271070848444e-14
PO0043_R2,3,1.2270937949974088e-89,1.1898829692717827e-300,0.005521829028174277,0.9944601770306292,1.7993931307153624e-05,9.889423548427707e-12
PO0043_R3,3,0.02297098633184667,0.2857582150870353,0.0017580352531401985,0.6895126966577854,6.667019263590025e-08,3.6560126592412315e-19
PO0043_R4,3,1.2270937949974786e-89,1.1898829692717827e-300,0.005521829028174281,0.9944601770306292,1.7993931307153624e-05,9.889423548427671e-12
PO0044_R1,4,3.5831677359031765e-107,0.0,0.39153538857088327,0.00743711329615171,0.5993078790348128,0.001719619098152417
PO0044_R2,4,1.2398822111164801e-152,0.0,0.1795532948769071,1.581343588948266e-05,0.8202076983408442,0.00022319334635894104
PO0044_R3,4,4.914230705862273e-99,0.0,0.3429418483675596,0.055752098979996355,0.5822690770516157,0.019036975600828048
PO0044_R4,4,8.269672201896391e-98,0.0,0.16662383339930853,0.20012473059056993,0.3945475114351359,0.23870392457498546
PO0045_R1,3,1.9085116199321694e-18,4.511247092515154e-61,0.010368620479132739,0.6448940720843269,0.009499666106716114,0.3352376413298241
PO0045_R2,3,1.9085116199321694e-18,4.511247092515154e-61,0.010368620479132739,0.6448940720843269,0.009499666106716114,0.3352376413298241
PO0045_R3,3,1.9085116199321694e-18,4.511247092515154e-61,0.010368620479132739,0.6448940720843269,0.009499666106716114,0.3352376413298241
PO0045_R4,3,1.9085116199321694e-18,4.511247092515154e-61,0.010368620479132739,0.6448940720843269,0.009499666106716114,0.3352376413298241
PO0046_R1,5,5.3505428296438876e-42,7.402878240635477e-154,0.04852951222792495,0.18804573802185753,0.02786555087929018,0.7355591988709275
PO0046_R2,2,7.012680798336275e-45,7.128295990534893e-168,0.3556253431906214,0.22382816843129202,0.1494985236305338,0.27104796474755305
PO0046_R3,5,5.3505428296438876e-42,7.402878240635477e-154,0.04852951222792495,0.18804573802185753,0.02786555087929018,0.7355591988709275
PO0046_R4,2,2.435139155514347e-48,1.8185461610593595e-182,0.6904511634460995,0.07058614653406874,0.21250035543099868,0.026462334588833097
PO0047_R1,2,8.3853121563295e-131,0.0,0.999498980397537,0.0005010196024629114,1.6418599266971042e-130,8.215776140671992e-305
PO0047_R2,2,4.317975480751109e-190,0.0,0.9999971232928685,2.8767071321764323e-06,8.813661432724186e-151,0.0
PO0047_R3,2,2.5068394635508427e-106,0.0,0.9990172309837585,0.0009827690162418918,4.29231633433676e-152,0.0
PO0047_R4,2,1.0412053717105194e-145,0.0,0.9999915203809473,8.479619052448405e-06,1.5920731645282437e-20,1.9010781164453205e-83
PO0048_R1,3,1.9261406946380237e-235,0.0,0.183838978927066,0.8135678822379141,0.002593138802298273,3.272147962547532e-11
PO0048_R2,3,4.9061017063096835e-306,0.0,0.1440703949290626,0.8095567379947973,0.046368695673883076,4.17140225684366e-06
PO0048_R3,4,0.0,0.0,0.16962175840381588,0.1687198117795464,0.651901127025524,0.009757302791113684
PO0048_R4,3,5.400903914165061e-237,0.0,0.46333811886177023,0.5319665032462894,0.004695377885770274,6.16981995428327e-12
PO0049_R1,4,3.939715143699125e-180,0.0,0.3129299433121653,0.001012710869731433,0.6853743906607807,0.0006829551573225724
PO0049_R2,4,3.159980877838711e-156,0.0,0.14464680143555608,0.1851285729840287,0.3920336111589951,0.27819101442141997
PO0049_R3,4,7.876107146429849e-178,0.0,0.28099913918086705,0.0042254842993698005,0.7099004128557331,0.004874963664030245
PO0049_R4,4,6.327125385146761e-168,0.0,0.22264435524346737,0.043083023476470465,0.6490966535800142,0.08517596770004798
PO0050_R1,2,0.0023040717483965084,5.044124903859731e-09,0.8513003396695553,0.14639558353792315,7.977959359224271e-45,7.362437041820031e-168
PO0050_R2,2,0.0023040717483965084,5.044124903859731e-09,0.8513003396695553,0.14639558353792315,7.977959359224271e-45,7.362437041820031e-168
PO0050_R3,4,4.732999324259957e-36,2.289303660099633e-130,0.22719142308234655,0.038228374479323195,0.5453307229940701,0.1892494794442598
PO0050_R4,3,0.0024289672032045658,0.0062788437992808465,0.030711576166805733,0.5610393443142077,0.04271471115288648,0.3568265573636147
PO0051_R1,3,0.008299211410010391,0.002911544679388362,0.011189299299495432,0.7082504977160888,0.007583458541462277,0.2617659883535545
PO0051_R2,2,1.2629716447742924e-34,2.228597484323966e-130,0.5374583967984149,0.05059629400614179,0.3881898670265893,0.02375544216885467
PO0051_R3,3,0.006114173730135451,6.460832903315382e-05,0.023675769508907662,0.8305464848713375,0.012687062046323647,0.1269119015142625
PO0051_R4,3,0.006114173730135451,6.460832903315382e-05,0.023675769508907662,0.8305464848713375,0.012687062046323647,0.1269119015142625
PO0052_R1,2,1.9714363430039553e-57,1.4316745986181024e-223,0.6484648952577863,3.7833061367204237e-07,0.35153471305918305,1.3352417269712559e-08
PO0052_R2,2,3.444779377661526e-50,1.0235742494361478e-195,0.9999919584348905,8.041565108763718e-06,2.1766490603773803e-42,6.120778344570313e-163
PO0052_R3,2,1.6831070496488794e-92,0.0,0.9999999999810036,1.8997258599671777e-11,9.76869887335594e-43,7.107380655566555e-170
PO0052_R4,4,3.3464069042427887e-25,1.1631517019003635e-96,0.3696594087129542,0.023614858217012587,0.565504023315991,0.04122170975404253
PO0053_R1,4,1.1801079520693264e-206,0.0,0.03820526959156972,3.048477299887097e-07,0.9608254589008608,0.0009689666598394066
PO0053_R2,2,4.457997881801954e-99,0.0,0.5727501754975302,0.0011592930820126465,0.42608397276808424,6.558652373191428e-06
PO0053_R3,3,0.20657253863854905,0.21595586905428554,0.03477914829229296,0.5409662289740877,0.0017260990596476003,1.159811373206407e-07
PO0053_R4,3,0.20657253863854905,0.21595586905428554,0.03477914829229296,0.5409662289740877,0.0017260990596476003,1.159811373206407e-07
PO0054_R1,5,0.01350739129183874,0.002771895140930248,0.051096658775556976,0.27958307737463417,0.11677099428950023,0.5362699831275395
PO0054_R2,5,0.01350739129183874,0.002771895140930248,0.051096658775556976,0.27958307737463417,0.11677099428950023,0.5362699831275395
PO0054_R3,4,1.0586078404430585e-96,0.0,0.1607485929409251,2.3617797379711028e-08,0.8392503710526295,1.0123886485947204e-06
PO0054_R4,5,0.01350739129183874,0.002771895140930248,0.051096658775556976,0.27958307737463417,0.11677099428950023,0.5362699831275395
PO0055_R1,3,0.020797548517013462,0.15924767704047627,0.0032958629880920883,0.8166485334662671,1.037797336318157e-05,1.4787915019134717e-11
PO0055_R2,3,1.1805663275125254e-09,2.2091901410715872e-34,0.10483315808334523,0.8949314641361594,0.00023537659538594771,4.542970190858788e-12
PO0055_R3,2,1.5704492845538697e-230,0.0,0.7988129094478782,0.20118709055212117,9.325249224259445e-167,1.3322209252570202e-297
PO0055_R4,3,7.859666459547122e-89,1.7961002526011685e-300,0.020467182482796557,0.9766020557528222,0.002901577914877639,2.9183849503682566e-05
PO0056_R1,2,1.652312230282695e-198,0.0,0.7246137395949093,0.2714717999745573,0.003914457683654784,2.74687860352453e-09
PO0056_R2,3,3.116808628612038e-199,0.0,0.03498922054568332,0.9644263777102742,0.0005837242913797732,6.774526625447576e-07
PO0056_R3,3,2.987476365431651e-266,0.0,0.011708070252195921,0.8645278528653467,0.004987517010967017,0.11877655987149038
PO0056_R4,3,2.987476365431651e-266,0.0,0.011708070252195921,0.8645278528653467,0.004987517010967017,0.11877655987149038
PO0057_R1,5,2.2095601402499025e-109,0.0,0.002837607489728825,0.011904306201403082,0.0211363555293917,0.9641217307794764
PO0057_R2,3,1.4820481312254828e-46,1.047531099598198e-167,0.009719202881379646,0.9702167947622281,0.007136539054390759,0.01292746330200133
PO0057_R3,5,2.2095601402499025e-109,0.0,0.002837607489728825,0.011904306201403082,0.0211363555293917,0.9641217307794764
PO0057_R4,5,2.2095601402499025e-109,0.0,0.002837607489728825,0.011904306201403082,0.0211363555293917,0.9641217307794764
PO0058_R1,4,1.058871874126248e-208,0.0,0.020104861498136384,2.514924183655704e-11,0.9798950754249888,6.305172538625192e-08
PO0058_R2,5,5.218313633970577e-136,0.0,0.0013451496547104511,2.8891738332177764e-05,0.12704274130448348,0.8715832173024738
PO0058_R3,4,7.504025231628592e-202,0.0,0.003926339723345467,2.827947035984494e-09,0.9926142648723126,0.0034593925763946763
PO0058_R4,4,2.962855424545246e-232,0.0,0.020122578315225976,4.523549184061617e-14,0.9798774215717011,1.130273303554226e-10
PO0059_R1,4,9.590343811175697e-49,3.0743485450035047e-181,0.08988952729921791,0.0031374385747818,0.6932982788017295,0.2136747553242708
PO0059_R2,5,1.1716569106640305e-08,1.0390674809979318e-27,0.05154094578376409,0.23684489696519084,0.16185271235211554,0.5497614331823605
PO0059_R3,4,9.590343811175697e-49,3.0743485450035047e-181,0.08988952729921791,0.0031374385747818,0.6932982788017295,0.2136747553242708
PO0059_R4,4,7.342422011353653e-22,1.731051147841469e-81,0.3261955812330169,0.018101714474020127,0.6481853401855167,0.007517364107446633
PO0060_R1,4,2.6776960331350912e-129,0.0,0.021997936991529753,1.3571339324894784e-05,0.9408284785618899,0.03716001310725545
PO0060_R2,4,1.5745442012062604e-93,0.0,0.04536029809183898,0.0011995684288363749,0.8228719421099039,0.1305681913694207
PO0060_R3,4,2.6776960331350912e-129,0.0,0.021997936991529753,1.3571339324894784e-05,0.9408284785618899,0.03716001310725545
PO0060_R4,4,2.6776960331350912e-129,0.0,0.021997936991529753,1.3571339324894784e-05,0.9408284785618899,0.03716001310725545
PO0061_R1,2,1.1528298621387941e-45,6.545674945742386e-172,0.9616478504714516,0.03835209461975173,5.490879661277229e-08,1.5275924236732253e-30
PO0061_R2,2,1.1528298621387941e-45,6.545674945742386e-172,0.9616478504714516,0.03835209461975173,5.490879661277229e-08,1.5275924236732253e-30
PO0061_R3,4,1.0977844102022858e-107,0.0,0.15285168780210495,9.720682987004284e-06,0.8467202140799126,0.00041837743499505435
PO0061_R4,4,1.0977844102022858e-107,0.0,0.15285168780210495,9.720682987004284e-06,0.8467202140799126,0.00041837743499505435
PO0062_R1,4,4.5946064692946116e-86,0.0,0.047556150585185676,3.847745388005747e-05,0.9503845156084695,0.0020208563524644167
PO0062_R2,5,1.8875396485959037e-51,8.921521988726684e-191,0.00832391889481562,0.01178502782050959,0.1781958535954165,0.8016951996892585
PO0062_R3,3,8.563759470279484e-282,0.0,0.1728521821694367,0.8271478178305633,2.510340898962421e-264,1.0709051515550583e-299
PO0062_R4,5,4.572627268645532e-33,1.0958242245375761e-119,0.0038673259852535155,0.05979955011837506,0.055121911582917064,0.8812112123134542
PO0063_R1,2,7.877070561855164e-44,4.316470639959137e-168,0.9996190483640562,0.0003809516359446798,5.432633847374179e-68,3.675280655583154e-257
PO0063_R2,5,9.312254958990007e-62,3.6553661233863794e-226,5.337264745147446e-06,1.2463547618548827e-14,0.027620344004291884,0.9723743187309505
PO0063_R3,2,7.877070561855164e-44,4.316470639959137e-168,0.9996190483640562,0.0003809516359446778,5.432633847374333e-68,3.675280655583154e-257
PO0063_R4,2,7.877070561855164e-44,4.316470639959137e-168,0.9996190483640562,0.0003809516359446778,5.432633847374333e-68,3.675280655583154e-257
PO0064_R1,3,1.2017045795202647e-300,0.0,0.004128712661135448,0.587564962257933,0.00981068660600831,0.3984956384749233
PO0064_R2,3,1.2017045795202647e-300,0.0,0.004128712661135448,0.587564962257933,0.00981068660600831,0.3984956384749233
PO0064_R3,3,8.046614065798658e-151,6.370391518924855e-301,0.020796482549421808,0.9791691802272036,3.433722249077302e-05,8.840972168625717e-13
PO0064_R4,3,1.2017045795202647e-300,0.0,0.004128712661135448,0.587564962257933,0.00981068660600831,0.3984956384749233
PO0065_R1,4,5.3200505167466076e-49,4.662960488374511e-183,0.144544180327128,0.00027126953017196366,0.8523161139611352,0.0028684361815646867
PO0065_R2,5,0.03304783862607778,0.025798125225124188,0.0460913126983158,0.22331776476869822,0.1791462066762691,0.4925987520055148
PO0065_R3,5,0.03304783862607778,0.025798125225124188,0.0460913126983158,0.22331776476869822,0.1791462066762691,0.4925987520055148
PO0065_R4,5,0.03304783862607778,0.025798125225124188,0.0460913126983158,0.22331776476869822,0.1791462066762691,0.4925987520055148
PO0066_R1,2,8.518808321320789e-191,0.0,0.9999531743105923,6.2259609544039125e-06,4.059972845292752e-05,1.7144227823822654e-26
PO0066_R2,4,0.0,0.0,0.09456963733776208,5.305591596047198e-05,0.905354002683548,2.3304062729157798e-05
PO0066_R3,4,0.0,0.0,0.08745042518695482,6.88064803280142e-07,0.9125484688519805,4.1789626105140923e-07
PO0066_R4,4,0.0,0.0,0.09456963733776208,5.305591596047198e-05,0.905354002683548,2.3304062729157798e-05
PO0067_R1,4,0.01579378073886032,0.0014521655159463556,0.15634450302595765,0.14918934822484217,0.39737399771206433,0.2798462047823291
PO0067_R2,4,0.01579378073886032,0.0014521655159463556,0.15634450302595765,0.14918934822484217,0.39737399771206433,0.2798462047823291
PO0067_R3,4,1.1663216777222304e-45,8.606032241628618e-171,0.3115614190880733,1.8388085332913842e-05,0.6883998218390858,2.037098750841208e-05
PO0067_R4,4,1.1663216777222304e-45,8.606032241628618e-171,0.3115614190880733,1.8388085332913842e-05,0.6883998218390858,2.037098750841208e-05
PO0068_R1,4,6.601587187758241e-59,1.8056220112015864e-224,0.2815799142511822,1.0942117542200944e-05,0.7184020175150216,7.126116253410086e-06
PO0068_R2,5,0.04131206765214234,0.03174982126091502,0.02013025863473326,0.2505988437483419,0.0720906997083666,0.5841183089955009
PO0068_R3,5,0.04131206765214234,0.03174982126091502,0.02013025863473326,0.2505988437483419,0.0720906997083666,0.5841183089955009
PO0068_R4,4,1.9581011925878915e-16,1.6299383947645482e-61,0.31826254282032845,0.03038244239750411,0.6431211760842314,0.0082338386979362
PO0069_R1,3,6.5074289421024134e-99,5.536780241960161e-302,0.008883873325669702,0.9910287238875334,8.728728238296869e-05,1.1550441399177133e-07
PO0069_R2,3,2.3040246628607406e-148,0.0,0.37757805514339343,0.6033891497795214,0.019000081250321082,3.2713826764459455e-05
PO0069_R3,3,6.5074289421024134e-99,5.536780241960161e-302,0.008883873325669702,0.9910287238875334,8.728728238296869e-05,1.1550441399177133e-07
PO0069_R4,5,2.7049668058599307e-238,0.0,0.013092216987278537,0.003913446749348318,0.03861744547470105,0.944376890788672
PO0070_R1,5,4.458281853927722e-54,4.037052222671965e-198,0.01551988778420646,0.022803218822094136,0.024928385420375034,0.9367485079733241
PO0070_R2,5,5.640616778860686e-68,1.932515754066598e-254,0.1501283065108905,0.010127670922425922,0.2630181845361499,0.5767258380305336
PO0070_R3,5,4.458281853927722e-54,4.037052222671965e-198,0.01551988778420646,0.022803218822094136,0.024928385420375034,0.9367485079733241
PO0070_R4,5,4.458281853927722e-54,4.037052222671965e-198,0.01551988778420646,0.022803218822094136,0.024928385420375034,0.9367485079733241
PO0071_R1,3,3.973065630979744e-31,2.7962713371569527e-115,0.14182744524438334,0.8581725547556165,3.349948464883169e-17,1.2906559132386184e-60
PO0071_R2,5,1.037812840811967e-99,0.0,0.0011700288606922447,0.0016843313571733385,0.012188665012497152,0.9849569747696374
PO0071_R3,3,0.019525045959871028,0.23352806632941456,0.0033999736989013753,0.743546914011813,3.614438523858643e-19,5.556093529677894e-62
PO0071_R4,3,0.019525045959871028,0.23352806632941456,0.0033999736989013753,0.743546914011813,3.614438523858643e-19,5.556093529677894e-62
PO0072_R1,2,7.446570748207718e-62,4.655356365716366e-232,0.6373450714152948,1.1643736121907357e-05,0.3626425129942082,7.718543757058052e-07
PO0072_R2,3,7.464231793322675e-10,6.501209870433296e-27,0.03333583719980018,0.7049320495545112,0.02906737675185289,0.2326647357474126
PO0072_R3,3,7.464231793322675e-10,6.501209870433296e-27,0.03333583719980018,0.7049320495545112,0.02906737675185289,0.2326647357474126
PO0072_R4,2,7.446570748207718e-62,4.655356365716366e-232,0.6373450714152948,1.1643736121907357e-05,0.3626425129942082,7.718543757058052e-07
PO0073_R1,3,1.5859885641261812e-22,1.3313746739073018e-75,0.020238476297590603,0.6659079008612877,0.015295242363479384,0.2985583804776423
PO0073_R2,3,1.5859885641261812e-22,1.3313746739073018e-75,0.020238476297590603,0.6659079008612877,0.015295242363479384,0.2985583804776423
PO0073_R3,3,1.5859885641261812e-22,1.3313746739073018e-75,0.020238476297590603,0.6659079008612877,0.015295242363479384,0.2985583804776423
PO0073_R4,3,1.5859885641261812e-22,1.3313746739073018e-75,0.020238476297590603,0.6659079008612877,0.015295242363479384,0.2985583804776423
PO0074_R1,3,2.0569072132793463e-34,1.2393653049739344e-120,0.033672915950603156,0.4941659531747042,0.068405081971001,0.4037560489036917
PO0074_R2,3,2.0569072132793463e-34,1.2393653049739344e-120,0.033672915950603156,0.4941659531747042,0.068405081971001,0.4037560489036917
PO0074_R3,3,2.0569072132793463e-34,1.2393653049739344e-120,0.033672915950603156,0.4941659531747042,0.068405081971001,0.4037560489036917
PO0074_R4,3,2.0569072132793463e-34,1.2393653049739344e-120,0.033672915950603156,0.4941659531747042,0.068405081971001,0.4037560489036917
PO0075_R1,5,0.012437841815773419,0.0018992021609294076,0.0463082341590664,0.10020991691872828,0.36654745679213024,0.47259734815337223
PO0075_R2,4,4.463573248033183e-20,1.7614877124883261e-71,0.09836867557933023,0.006293084407385066,0.853433644248012,0.0419045957652728
PO0075_R3,2,8.954288588801956e-40,7.23231430709516e-156,0.9238939373256587,1.3838980809997345e-09,0.07610606129044317,2.2858757774469536e-16
PO0075_R4,4,4.0980117739705857e-70,3.8014147397825427e-268,0.021555591729541478,6.498232727735738e-14,0.9784444080522967,2.1809616151702208e-10
PO0076_R1,3,0.010396568796202713,0.017817789380593644,0.05279903231322387,0.9188290652094511,0.00015754429710559934,3.422967908949234e-12
PO0076_R2,2,1.4960322826694543e-88,1.7035559723558006e-300,0.8421881522797746,0.10452217745962362,0.0532896323838602,3.7876741335563195e-08
PO0076_R3,3,0.010396568796202713,0.017817789380593644,0.05279903231322387,0.9188290652094511,0.00015754429710559934,3.422967908949234e-12
PO0076_R4,3,0.010396568796202713,0.017817789380593644,0.05279903231322387,0.9188290652094511,0.00015754429710559934,3.422967908949234e-12
PO0077_R1,4,2.2267186082879012e-63,9.265994322599174e-238,0.12694052714835474,3.839344654323257e-05,0.8702085430638562,0.0028125363412455718
PO0077_R2,4,2.2267186082879012e-63,9.265994322599174e-238,0.12694052714835474,3.839344654323257e-05,0.8702085430638562,0.0028125363412455718
PO0077_R3,4,2.2267186082879012e-63,9.265994322599174e-238,0.12694052714835474,3.839344654323257e-05,0.8702085430638562,0.0028125363412455718
PO0077_R4,4,2.2267186082879012e-63,9.265994322599174e-238,0.12694052714835474,3.839344654323257e-05,0.8702085430638562,0.0028125363412455718
PO0078_R1,4,5.296033953716588e-08,5.981870994682672e-29,0.3212292141285081,0.055075854277599985,0.6158173366304374,0.007877542003115032
PO0078_R2,2,6.319748183521056e-105,3.1624157472288847e-299,0.9873023097967021,0.012697690203298334,1.0191482141977243e-120,1.7983685907581923e-298
PO0078_R3,4,1.7911554230873387e-11,3.689816423031158e-43,0.41926491518002507,0.010416844469773517,0.5699092948464132,0.0004089454858766377
PO0078_R4,2,1.4761150881403957e-115,0.0,0.9999627586463022,3.724135369717171e-05,3.622909630245212e-121,1.0286768380206376e-302
PO0079_R1,2,2.5299157909646086e-281,0.0,0.9999998951824854,1.0481751386010544e-07,3.3718899383426803e-255,3.7787321121100264e-306
PO0079_R2,5,1.365492359432625e-77,9.123599063689712e-287,0.04216271857406908,0.21047671718144131,0.24161555357238132,0.5057450106721083
PO0079_R3,5,1.365492359432625e-77,9.123599063689712e-287,0.04216271857406908,0.21047671718144131,0.24161555357238132,0.5057450106721083
PO0079_R4,4,2.0297153884024191e-91,0.0,0.22801855312927694,0.006194426528946826,0.763810606846725,0.0019764134950510355
PO0080_R1,3,0.006033659840781406,0.008124569497728393,0.023209370310704212,0.6157826869143918,0.022609091991097886,0.3242406214452964
PO0080_R2,3,0.006033659840781406,0.008124569497728393,0.023209370310704212,0.6157826869143918,0.022609091991097886,0.3242406214452964
PO0080_R3,3,0.006033659840781406,0.008124569497728393,0.023209370310704212,0.6157826869143918,0.022609091991097886,0.3242406214452964
PO0080_R4,3,0.006033659840781406,0.008124569497728393,0.023209370310704212,0.6157826869143918,0.022609091991097886,0.3242406214452964
PO0081_R1,3,1.492604167874284e-07,4.115551901656422e-17,0.01969478115941218,0.6898183663811107,0.012497383349456057,0.2779893198496042
PO0081_R2,3,1.492604167874284e-07,4.115551901656422e-17,0.01969478115941218,0.6898183663811107,0.012497383349456057,0.2779893198496042
PO0081_R3,1,0.04921857653840085,0.9502752416562135,0.0005061817757072935,2.9678218466348706e-11,2.863336656575692e-69,2.915319324317403e-256
PO0081_R4,1,0.08590704935225246,0.6663959464778898,0.22462798907387066,0.02306901509598692,3.1943736887278273e-23,3.610531879973861e-84
PO0082_R1,4,2.329369533637746e-113,0.0,0.025353733288249334,2.1709300668847266e-07,0.9734612337943376,0.001184815824405976
PO0082_R2,4,1.5385548172177885e-138,0.0,0.02897044329093309,7.841826558258987e-10,0.9710269881496871,2.567775196782886e-06
PO0082_R3,5,2.2687245293666862e-96,2.2487134889845034e-303,0.00855828938920383,2.3657657461925597e-05,0.475058361757095,0.5163596911962394
PO0082_R4,4,3.135906436991944e-113,0.0,0.020560787138836842,4.413389880448476e-07,0.9741286991450868,0.005310072377088416
PO0083_R1,5,0.0,0.0,0.0179672888611434,0.23511468402446412,0.11948406024175562,0.6274339668726369
PO0083_R2,5,0.0,0.0,0.0179672888611434,0.23511468402446412,0.11948406024175562,0.6274339668726369
PO0083_R3,3,1.932114209368575e-185,1.0575719220498592e-300,0.11973371305481581,0.8802661636448365,1.2330034789609928e-07,5.785522133675227e-26
PO0083_R4,4,0.0,0.0,0.13945827221951973,0.04250686040082962,0.7634544092124134,0.054580458167237715
PO0084_R1,3,4.315550599927363e-171,0.0,0.009389162383263037,0.7447404740915121,0.00694555794807487,0.23892480557715004
PO0084_R2,3,4.315550599927363e-171,0.0,0.009389162383263037,0.7447404740915121,0.00694555794807487,0.23892480557715004
PO0084_R3,3,6.000133616944513e-180,0.0,0.03199490932014861,0.9680050906798512,3.5514171739449764e-61,1.9580205038119076e-222
PO0084_R4,3,4.315550599927363e-171,0.0,0.009389162383263037,0.7447404740915121,0.00694555794807487,0.23892480557715004
PO0085_R1,3,0.003188018812283515,0.010273898425249454,0.008317949343656579,0.5551260911510725,0.003534915351899255,0.41955912691583863
PO0085_R2,5,1.1425023906758982e-72,2.263765014909301e-271,0.21732753896546061,0.003623749432820007,0.35339595377841304,0.42565275782330647
PO0085_R3,3,0.003188018812283515,0.010273898425249454,0.008317949343656579,0.5551260911510725,0.003534915351899255,0.41955912691583863
PO0085_R4,3,7.741956617126705e-11,3.0630846991885034e-37,0.3096730172756857,0.5755713463809705,0.07131438851494724,0.043441247750977324
PO0086_R1,3,0.012630075833585256,0.049596288212309096,0.010742450565042432,0.7056180127991174,0.005805709814295695,0.21560746277564996
PO0086_R2,3,0.012630075833585256,0.049596288212309096,0.010742450565042432,0.7056180127991174,0.005805709814295695,0.21560746277564996
PO0086_R3,3,0.012630075833585256,0.049596288212309096,0.010742450565042432,0.7056180127991174,0.005805709814295695,0.21560746277564996
PO0086_R4,3,0.012630075833585256,0.049596288212309096,0.010742450565042432,0.7056180127991174,0.005805709814295695,0.21560746277564996
PO0087_R1,3,0.010170888879545346,0.1687093751206538,0.005035372511729408,0.7020044855433405,0.0012040325511877776,0.11287584539354319
PO0087_R2,3,0.010170888879545346,0.1687093751206538,0.005035372511729408,0.7020044855433405,0.0012040325511877776,0.11287584539354319
PO0087_R3,3,0.010170888879545346,0.1687093751206538,0.005035372511729408,0.7020044855433405,0.0012040325511877776,0.11287584539354319
PO0087_R4,3,0.010170888879545346,0.1687093751206538,0.005035372511729408,0.7020044855433405,0.0012040325511877776,0.11287584539354319
PO0088_R1,3,0.009706686829387686,0.038795098495367684,0.0074625299387601676,0.5837081638872608,0.007175101191512831,0.3531524196577111
PO0088_R2,3,0.009706686829387686,0.038795098495367684,0.0074625299387601676,0.5837081638872608,0.007175101191512831,0.3531524196577111
PO0088_R3,3,0.009706686829387686,0.038795098495367684,0.0074625299387601676,0.5837081638872608,0.007175101191512831,0.3531524196577111
PO0088_R4,3,0.009706686829387686,0.038795098495367684,0.0074625299387601676,0.5837081638872608,0.007175101191512831,0.3531524196577111
PO0089_R1,3,2.8482445704826085e-139,3.104955958713813e-302,0.011228068630889813,0.9887719313691101,2.574209589040409e-17,7.063075171947657e-59
PO0089_R2,3,0.0,0.0,0.3915065223323273,0.6084934776411157,2.6557158158713956e-11,2.82650977631835e-42
PO0089_R3,3,2.8482445704826085e-139,3.104955958713813e-302,0.011228068630889813,0.9887719313691101,2.574209589040409e-17,7.063075171947657e-59
PO0089_R4,3,2.8482445704826085e-139,3.104955958713813e-302,0.011228068630889813,0.9887719313691101,2.574209589040409e-17,7.063075171947657e-59
PO0090_R1,3,2.592499717482675e-09,3.306144504597827e-29,0.16136435228461596,0.286918683549267,0.27944615492106406,0.2722708066525534
PO0090_R2,3,2.592499717482675e-09,3.306144504597827e-29,0.16136435228461596,0.286918683549267,0.27944615492106406,0.2722708066525534
PO0090_R3,2,4.1192672053239935e-170,0.0,0.9999999377079353,6.229206528048407e-08,1.0077333943853765e-161,9.076491341301541e-303
PO0090_R4,4,1.5684359285696063e-45,5.373807726370316e-170,0.38458964184357936,0.00019137169529295472,0.6150843429338371,0.00013464352729089808
PO0091_R1,4,2.2209262769441057e-173,0.0,0.04098143522796126,1.608637083298618e-05,0.8295057755412117,0.12949670285999376
PO0091_R2,5,2.3301996386665866e-135,0.0,0.0309467202003189,0.0014158069636027153,0.29511610878564054,0.6725213640504376
PO0091_R3,3,2.203784349102624e-82,5.569165231694535e-302,0.07474649374480027,0.4565972190846654,0.1280304183374055,0.34062586883312873
PO0091_R4,4,3.965895782660781e-120,0.0,0.18689365266960745,0.009795316770904325,0.6794708877382848,0.12384014282120358
PO0092_R1,4,1.0730804639332798e-75,4.4370079293298806e-287,0.2218624920681175,2.1529060849084527e-08,0.7781374394267921,4.697602987331421e-08
PO0092_R2,5,0.02736067245153534,0.02141698549929104,0.07844050266728538,0.19125631388217745,0.2734758182566577,0.4080497072430531
PO0092_R3,5,0.02736067245153534,0.02141698549929104,0.07844050266728538,0.19125631388217745,0.2734758182566577,0.4080497072430531
PO0092_R4,4,5.013691269906652e-26,8.357383648290641e-95,0.18524025149771287,0.003440046665322108,0.7952653103086645,0.0160543915283005
PO0093_R1,3,0.009720700349580755,0.1201157007339417,0.006980982296250174,0.6321457917675232,0.0034775148298911555,0.22755931002281307
PO0093_R2,3,0.009720700349580755,0.1201157007339417,0.006980982296250174,0.6321457917675232,0.0034775148298911555,0.22755931002281307
PO0093_R3,3,2.5568584071773547e-10,1.0526352502410315e-32,0.034094249641936296,0.6874583348059466,0.01722968485259797,0.26121773044383334
PO0093_R4,3,0.009720700349580755,0.1201157007339417,0.006980982296250174,0.6321457917675232,0.0034775148298911555,0.22755931002281307
PO0094_R1,3,1.6017751892017013e-105,3.864316390993999e-306,0.005682827201579468,0.9941247451916855,0.0001918217523977434,6.05854337050042e-07
PO0094_R2,3,1.6017751892017013e-105,3.864316390993999e-306,0.005682827201579468,0.9941247451916855,0.0001918217523977434,6.05854337050042e-07
PO0094_R3,3,1.6017751892017013e-105,3.864316390993999e-306,0.005682827201579468,0.9941247451916855,0.0001918217523977434,6.05854337050042e-07
PO0094_R4,3,1.6017751892017013e-105,3.864316390993999e-306,0.005682827201579468,0.9941247451916855,0.0001918217523977434,6.05854337050042e-07
PO0095_R1,2,0.0,0.0,0.9999999998034443,1.9655589505904028e-10,0.0,0.0
PO0095_R2,4,9.905522933997078e-124,0.0,0.4841988738323809,0.015098633126090307,0.49853768473051907,0.002164808311009904
PO0095_R3,3,6.430245741005282e-102,0.0,0.08689539821018562,0.621345851506918,0.10840153136549896,0.1833572189173973
PO0095_R4,4,5.969402726424919e-116,0.0,0.40849281030916296,0.09179997511096853,0.47835264164681957,0.021354572933049168
PO0096_R1,2,1.852092699392623e-142,0.0,0.9999999804304542,1.956954583580622e-08,4.952468254036075e-65,2.9115656180749436e-252
PO0096_R2,2,7.013731233310933e-55,1.3901690263889593e-209,0.5105878773289383,1.8684644271160123e-05,0.4893932840747785,1.5395201248406736e-07
PO0096_R3,4,5.957261840454664e-86,0.0,0.1628187582056148,2.67223531787414e-05,0.8370326782938624,0.00012184114734376006
PO0096_R4,2,7.98944681074886e-76,1.3159681446762023e-289,0.9999873846607968,1.2615339202196888e-05,1.087460225479991e-65,6.2746980912005145e-252
PO0097_R1,4,4.477408109956743e-12,1.1613870981259927e-44,0.1707357731940371,0.052592496013470866,0.7216421232372945,0.05502960755072048
PO0097_R2,5,0.06459687197942683,0.030366544523522117,0.018694709838828594,0.21066154009634475,0.10190727772729521,0.5737730558345825
PO0097_R3,4,1.0959876597325686e-40,2.2277376355078489e-159,0.3021609973558208,3.352992754245275e-08,0.697838965499521,3.614730086308144e-09
PO0097_R4,5,0.06459687197942683,0.030366544523522117,0.018694709838828594,0.21066154009634475,0.10190727772729521,0.5737730558345825
PO0098_R1,4,1.2426376296261871e-227,0.0,0.04857552219579595,0.03188897353999546,0.47101810153570717,0.4485174027285016
PO0098_R2,4,1.2426376296261871e-227,0.0,0.04857552219579595,0.03188897353999546,0.4710181015357068,0.4485174027285016
PO0098_R3,5,3.9812678933679956e-205,0.0,0.02631405958166948,0.24248842100310147,0.15874101689519982,0.572456502520029
PO0098_R4,5,3.9812678933679956e-205,0.0,0.02631405958166948,0.24248842100310147,0.15874101689519982,0.572456502520029
PO0099_R1,5,4.500696031729578e-209,0.0,0.0005779064052855071,7.843887155796298e-09,0.2027268603023395,0.796695225448488
PO0099_R2,2,6.110789108816635e-166,0.0,0.9959186063918186,0.004081393608181347,5.955066801763509e-164,2.0891243284491994e-299
PO0099_R3,4,1.5062879792535117e-121,0.0,0.03003836033964494,0.0002801623048821652,0.5477420452761218,0.42193943207935136
PO0099_R4,2,6.110789108816635e-166,0.0,0.9959186063918186,0.004081393608181347,5.955066801763509e-164,2.0891243284491994e-299
PO0100_R1,5,1.1912599665197057e-48,6.248820919164363e-180,0.33838891729033155,0.08208288871062404,0.22676455305533194,0.3527636409437121
PO0100_R2,5,1.1912599665197057e-48,6.248820919164363e-180,0.33838891729033155,0.08208288871062404,0.22676455305533194,0.3527636409437121
PO0100_R3,5,1.8338886337152003e-95,0.0,0.08216262961779634,0.0005397659871384589,0.24832121524535025,0.668976389149715
PO0100_R4,5,1.1912599665197057e-48,6.248820919164363e-180,0.33838891729033155,0.08208288871062404,0.22676455305533194,0.3527636409437121
